<?xml version="1.0" encoding="utf-8"?>
<!DOCTYPE nta PUBLIC '-//Uppaal Team//DTD Flat System 1.1//EN' 'http://www.it.uu.se/research/group/darts/uppaal/flat-1_2.dtd'>
<nta>
	<declaration>// Place global declarations here.
int[0,1] &amp;req_self;
const int[1,2] me;
int[0,1] &amp;req_other];
int[0,1] req1,req2;
int[1,2] turn;</declaration>
	<template>
		<name x="5" y="5">Template</name>
		<declaration>// Place local declarations here.
</declaration>
		<location id="id0" x="0" y="0">
			<name x="-10" y="-34">idle</name>
		</location>
		<location id="id1" x="170" y="0">
			<name x="160" y="-34">want</name>
		</location>
		<location id="id2" x="178" y="280">
			<name x="168" y="246">wait</name>
		</location>
		<location id="id3" x="-17" y="263">
			<name x="-27" y="229">CS</name>
		</location>
		<init ref="id0"/>
		<transition>
			<source ref="id3"/>
			<target ref="id0"/>
			<label kind="assignment" x="-8" y="131">req_self:=0</label>
		</transition>
		<transition>
			<source ref="id2"/>
			<target ref="id3"/>
			<label kind="guard" x="60" y="297">req_other ==0</label>
			<nail x="119" y="331"/>
			<nail x="42" y="331"/>
		</transition>
		<transition>
			<source ref="id2"/>
			<target ref="id3"/>
			<label kind="guard" x="120" y="212">turn==me</label>
			<nail x="102" y="212"/>
			<nail x="25" y="212"/>
		</transition>
		<transition>
			<source ref="id1"/>
			<target ref="id2"/>
			<label kind="assignment" x="174" y="140">turn:=(me==1?2:1)</label>
		</transition>
		<transition>
			<source ref="id0"/>
			<target ref="id1"/>
			<label kind="assignment" x="18" y="0">req_self:=1</label>
		</transition>
	</template>
	<system>// Place template instantiations here.
P1 = mutex(1, req1, req2);
P2 = mutex(2, req2, req1);
// List one or more processes to be composed into a system.
system P1, P2;


</system>
	<queries>
		<query>
			<formula></formula>
			<comment></comment>
		</query>
		<query>
			<formula></formula>
			<comment></comment>
		</query>
		<query>
			<formula></formula>
			<comment></comment>
		</query>
	</queries>
</nta>
