<?xml version="1.0" encoding="utf-8"?>
<!DOCTYPE nta PUBLIC '-//Uppaal Team//DTD Flat System 1.1//EN' 'http://www.it.uu.se/research/group/darts/uppaal/flat-1_2.dtd'>
<nta>
	<declaration>// Place global declarations here.
int[0,9] x;</declaration>
	<template>
		<name x="5" y="5">Template</name>
		<declaration>// Place local declarations here.</declaration>
		<location id="id0" x="0" y="0">
		</location>
		<location id="id1" x="161" y="-8">
		</location>
		<init ref="id0"/>
		<transition>
			<source ref="id0"/>
			<target ref="id1"/>
			<nail x="-76" y="-94"/>
			<nail x="-68" y="-238"/>
			<nail x="221" y="-238"/>
		</transition>
		<transition>
			<source ref="id1"/>
			<target ref="id0"/>
			<label kind="assignment" x="51" y="-221">x = 0</label>
			<nail x="68" y="-204"/>
		</transition>
		<transition>
			<source ref="id1"/>
			<target ref="id0"/>
			<label kind="assignment" x="76" y="119">x=9</label>
			<nail x="85" y="170"/>
		</transition>
		<transition>
			<source ref="id1"/>
			<target ref="id0"/>
			<label kind="assignment" x="76" y="68">x=8</label>
			<nail x="85" y="102"/>
		</transition>
		<transition>
			<source ref="id1"/>
			<target ref="id0"/>
			<label kind="assignment" x="77" y="34">x=7</label>
			<nail x="85" y="59"/>
		</transition>
		<transition>
			<source ref="id1"/>
			<target ref="id0"/>
			<label kind="assignment" x="76" y="8">x=6</label>
			<nail x="85" y="34"/>
		</transition>
		<transition>
			<source ref="id1"/>
			<target ref="id0"/>
			<label kind="assignment" x="59" y="-153">x =1</label>
			<nail x="76" y="-136"/>
		</transition>
		<transition>
			<source ref="id1"/>
			<target ref="id0"/>
			<label kind="assignment" x="59" y="-93">x=3</label>
			<nail x="68" y="-68"/>
		</transition>
		<transition>
			<source ref="id1"/>
			<target ref="id0"/>
			<label kind="assignment" x="68" y="-51">x=4</label>
			<nail x="76" y="-34"/>
		</transition>
		<transition>
			<source ref="id1"/>
			<target ref="id0"/>
			<label kind="assignment" x="68" y="-25">x=5</label>
		</transition>
	</template>
	<system>// Place template instantiations here.
Process = Template();
// List one or more processes to be composed into a system.
system Process;
    </system>
	<queries>
		<query>
			<formula></formula>
			<comment></comment>
		</query>
	</queries>
</nta>
