<?xml version="1.0" encoding="utf-8"?>
<!DOCTYPE nta PUBLIC '-//Uppaal Team//DTD Flat System 1.1//EN' 'http://www.it.uu.se/research/group/darts/uppaal/flat-1_2.dtd'>
<nta>
	<declaration>// Place global declarations here.
int[0,9] rand;
chan randSend;
broadcast chan checkLock; </declaration>
	<template>
		<name x="5" y="5">Generator</name>
		<declaration>// Place local declarations here.</declaration>
		<location id="id0" x="-501" y="-213">
		</location>
		<location id="id1" x="-408" y="-221">
		</location>
		<init ref="id0"/>
		<transition>
			<source ref="id1"/>
			<target ref="id0"/>
			<label kind="synchronisation" x="-501" y="-161">checkLock!</label>
			<nail x="-433" y="-162"/>
			<nail x="-493" y="-162"/>
		</transition>
		<transition>
			<source ref="id0"/>
			<target ref="id1"/>
			<label kind="select" x="-488" y="-302">i:int[0,9]</label>
			<label kind="synchronisation" x="-493" y="-348">randSend!</label>
			<label kind="assignment" x="-493" y="-323">rand = i</label>
			<nail x="-484" y="-272"/>
			<nail x="-433" y="-272"/>
		</transition>
	</template>
	<template>
		<name>Lock</name>
		<location id="id2" x="-569" y="-238">
		</location>
		<location id="id3" x="-416" y="-238">
		</location>
		<location id="id4" x="-280" y="-238">
		</location>
		<location id="id5" x="-161" y="-246">
		</location>
		<location id="id6" x="-8" y="-254">
		</location>
		<location id="id7" x="144" y="-255">
		</location>
		<location id="id8" x="289" y="-255">
		</location>
		<location id="id9" x="450" y="-255">
		</location>
		<location id="id10" x="612" y="-255">
			<name x="602" y="-289">Open</name>
		</location>
		<init ref="id2"/>
		<transition>
			<source ref="id9"/>
			<target ref="id2"/>
			<label kind="guard" x="42" y="-161">rand != 4</label>
			<label kind="synchronisation" x="42" y="-144">checkLock?</label>
			<nail x="-178" y="-17"/>
		</transition>
		<transition>
			<source ref="id7"/>
			<target ref="id2"/>
			<label kind="guard" x="-161" y="-153">rand != 3</label>
			<label kind="synchronisation" x="-161" y="-136">checkLock?</label>
			<nail x="-144" y="-85"/>
		</transition>
		<transition>
			<source ref="id5"/>
			<target ref="id2"/>
			<label kind="guard" x="-451" y="-60">rand != 2</label>
			<label kind="synchronisation" x="-450" y="-42">checkLock?</label>
			<nail x="-348" y="-25"/>
		</transition>
		<transition>
			<source ref="id3"/>
			<target ref="id2"/>
			<label kind="guard" x="-586" y="-136">rand != 1</label>
			<label kind="synchronisation" x="-586" y="-119">checkLock?</label>
			<nail x="-484" y="-93"/>
		</transition>
		<transition>
			<source ref="id9"/>
			<target ref="id10"/>
			<label kind="guard" x="467" y="-289">rand == 4</label>
			<label kind="synchronisation" x="468" y="-272">checkLock?</label>
		</transition>
		<transition>
			<source ref="id8"/>
			<target ref="id9"/>
			<label kind="synchronisation" x="307" y="-272">randSend?</label>
		</transition>
		<transition>
			<source ref="id7"/>
			<target ref="id8"/>
			<label kind="guard" x="162" y="-289">rand == 3</label>
			<label kind="synchronisation" x="162" y="-272">checkLock?</label>
		</transition>
		<transition>
			<source ref="id6"/>
			<target ref="id7"/>
			<label kind="synchronisation" x="10" y="-271">randSend?</label>
		</transition>
		<transition>
			<source ref="id5"/>
			<target ref="id6"/>
			<label kind="guard" x="-143" y="-284">rand== 2</label>
			<label kind="synchronisation" x="-143" y="-267">checkLock?</label>
		</transition>
		<transition>
			<source ref="id4"/>
			<target ref="id5"/>
			<label kind="synchronisation" x="-262" y="-259">randSend?</label>
		</transition>
		<transition>
			<source ref="id3"/>
			<target ref="id4"/>
			<label kind="guard" x="-398" y="-276">rand == 1</label>
			<label kind="synchronisation" x="-398" y="-259">checkLock?</label>
		</transition>
		<transition>
			<source ref="id2"/>
			<target ref="id3"/>
			<label kind="synchronisation" x="-534" y="-259">randSend?</label>
		</transition>
	</template>
	<system>// Place template instantiations here.
generator = Generator();
lock = Lock();
// List one or more processes to be composed into a system.
system generator,lock ;
    </system>
	<queries>
		<query>
			<formula></formula>
			<comment></comment>
		</query>
	</queries>
</nta>
