<?xml version="1.0" encoding="utf-8"?>
<!DOCTYPE nta PUBLIC '-//Uppaal Team//DTD Flat System 1.1//EN' 'http://www.it.uu.se/research/group/darts/uppaal/flat-1_2.dtd'>
<nta>
	<declaration>// Place global declarations here.
int[0,150] amount;
int[0,1] pin;


chan amountIn;

chan cardReturn;
chan cashInAgain;

chan pinCheck;
chan pinGood;
chan pinBad;
chan cashCheck;
chan cashGood;
chan cashBad;
chan cashTryAgain;
chan cashEnd;
chan cashOut;
chan cardIn;
chan pinIn;</declaration>
	<template>
		<name x="5" y="5">Klient</name>
		<declaration>// Place local declarations here.</declaration>
		<location id="id0" x="-476" y="-127">
		</location>
		<location id="id1" x="-306" y="-136">
		</location>
		<location id="id2" x="-127" y="-136">
			<name x="-137" y="-170">PinIn</name>
		</location>
		<location id="id3" x="51" y="-119">
			<name x="41" y="-153">AmountIn</name>
		</location>
		<location id="id4" x="221" y="-119">
		</location>
		<init ref="id0"/>
		<transition>
			<source ref="id3"/>
			<target ref="id4"/>
			<label kind="synchronisation" x="69" y="-136">cashOut?</label>
		</transition>
		<transition>
			<source ref="id0"/>
			<target ref="id1"/>
			<label kind="synchronisation" x="-458" y="-148">cardIn!</label>
		</transition>
		<transition>
			<source ref="id3"/>
			<target ref="id2"/>
			<label kind="synchronisation" x="-85" y="-340">cashInAgain?</label>
			<nail x="-51" y="-323"/>
		</transition>
		<transition>
			<source ref="id4"/>
			<target ref="id0"/>
			<label kind="synchronisation" x="76" y="-17">cardReturn?</label>
			<nail x="212" y="8"/>
			<nail x="-518" y="8"/>
		</transition>
		<transition>
			<source ref="id3"/>
			<target ref="id0"/>
			<label kind="synchronisation" x="-466" y="-17">cardReturn?</label>
			<nail x="51" y="0"/>
			<nail x="-484" y="0"/>
		</transition>
		<transition>
			<source ref="id2"/>
			<target ref="id0"/>
			<label kind="synchronisation" x="-280" y="-51">cardReturn?</label>
			<nail x="-127" y="-25"/>
			<nail x="-484" y="-25"/>
		</transition>
		<transition>
			<source ref="id1"/>
			<target ref="id0"/>
			<label kind="synchronisation" x="-458" y="-51">cardReturn?</label>
			<nail x="-306" y="-34"/>
			<nail x="-476" y="-34"/>
		</transition>
		<transition>
			<source ref="id2"/>
			<target ref="id3"/>
			<label kind="select" x="-109" y="-178">x:int[1,150]</label>
			<label kind="synchronisation" x="-85" y="-153">amountIn!</label>
			<label kind="assignment" x="-109" y="-127">amount = x</label>
		</transition>
		<transition>
			<source ref="id1"/>
			<target ref="id2"/>
			<label kind="select" x="-288" y="-187">i:int[0,1]</label>
			<label kind="synchronisation" x="-288" y="-153">pinIn!</label>
			<label kind="assignment" x="-288" y="-136">pin = i</label>
		</transition>
	</template>
	<template>
		<name>Bankomat</name>
		<location id="id5" x="-1606" y="-382">
		</location>
		<location id="id6" x="-1495" y="-382">
		</location>
		<location id="id7" x="-1368" y="-382">
		</location>
		<location id="id8" x="-1249" y="-382">
		</location>
		<location id="id9" x="-1037" y="-382">
		</location>
		<location id="id10" x="-909" y="-382">
		</location>
		<location id="id11" x="-467" y="-382">
		</location>
		<location id="id12" x="-297" y="-391">
		</location>
		<location id="id13" x="-1394" y="-246">
		</location>
		<location id="id14" x="-875" y="-170">
		</location>
		<location id="id15" x="-1139" y="-280">
		</location>
		<location id="id16" x="-1436" y="-153">
		</location>
		<location id="id17" x="-782" y="-382">
		</location>
		<init ref="id5"/>
		<transition>
			<source ref="id17"/>
			<target ref="id11"/>
			<label kind="synchronisation" x="-764" y="-399">cashGood?</label>
		</transition>
		<transition>
			<source ref="id17"/>
			<target ref="id14"/>
			<label kind="synchronisation" x="-857" y="-293">cashBad?</label>
		</transition>
		<transition>
			<source ref="id10"/>
			<target ref="id17"/>
			<label kind="synchronisation" x="-891" y="-399">cashCheck!</label>
		</transition>
		<transition>
			<source ref="id7"/>
			<target ref="id8"/>
			<label kind="synchronisation" x="-1350" y="-399">pinCheck!</label>
		</transition>
		<transition>
			<source ref="id16"/>
			<target ref="id5"/>
			<label kind="synchronisation" x="-1656" y="-212">cardReturn!</label>
			<nail x="-1674" y="-238"/>
		</transition>
		<transition>
			<source ref="id14"/>
			<target ref="id16"/>
			<label kind="synchronisation" x="-1418" y="-178">cashEnd?</label>
		</transition>
		<transition>
			<source ref="id15"/>
			<target ref="id9"/>
			<label kind="synchronisation" x="-1121" y="-348">cashInAgain!</label>
		</transition>
		<transition>
			<source ref="id14"/>
			<target ref="id15"/>
			<label kind="synchronisation" x="-1121" y="-242">cashTryAgain?</label>
		</transition>
		<transition>
			<source ref="id13"/>
			<target ref="id5"/>
			<label kind="synchronisation" x="-1588" y="-331">cardReturn!</label>
		</transition>
		<transition>
			<source ref="id8"/>
			<target ref="id13"/>
			<label kind="synchronisation" x="-1376" y="-331">pinBad?</label>
		</transition>
		<transition>
			<source ref="id12"/>
			<target ref="id5"/>
			<label kind="synchronisation" x="-381" y="-510">cardReturn!</label>
			<nail x="-399" y="-595"/>
			<nail x="-1530" y="-603"/>
		</transition>
		<transition>
			<source ref="id11"/>
			<target ref="id12"/>
			<label kind="synchronisation" x="-449" y="-403">cashOut!</label>
		</transition>
		<transition>
			<source ref="id9"/>
			<target ref="id10"/>
			<label kind="synchronisation" x="-1003" y="-425">amountIn?</label>
		</transition>
		<transition>
			<source ref="id8"/>
			<target ref="id9"/>
			<label kind="synchronisation" x="-1197" y="-399">pinGood?</label>
		</transition>
		<transition>
			<source ref="id6"/>
			<target ref="id7"/>
			<label kind="synchronisation" x="-1477" y="-399">pinIn?</label>
		</transition>
		<transition>
			<source ref="id5"/>
			<target ref="id6"/>
			<label kind="synchronisation" x="-1588" y="-399">cardIn?</label>
		</transition>
	</template>
	<template>
		<name>Bank</name>
		<declaration>int[0,200] bankCash = 100;
int[0,1] tryAgain;</declaration>
		<location id="id18" x="-510" y="-51">
		</location>
		<location id="id19" x="-348" y="-59">
		</location>
		<location id="id20" x="-153" y="-76">
		</location>
		<location id="id21" x="76" y="-59">
		</location>
		<location id="id22" x="-170" y="102">
		</location>
		<init ref="id18"/>
		<transition>
			<source ref="id22"/>
			<target ref="id20"/>
			<label kind="guard" x="-161" y="-21">tryAgain == 1</label>
			<label kind="synchronisation" x="-161" y="-4">cashTryAgain!</label>
		</transition>
		<transition>
			<source ref="id22"/>
			<target ref="id18"/>
			<label kind="guard" x="-331" y="0">tryAgain == 0</label>
			<label kind="synchronisation" x="-331" y="17">cashEnd!</label>
		</transition>
		<transition>
			<source ref="id21"/>
			<target ref="id22"/>
			<label kind="select" x="25" y="0">o:int[0,1]</label>
			<label kind="guard" x="25" y="17">amount &gt; bankCash</label>
			<label kind="synchronisation" x="25" y="34">cashBad!</label>
			<label kind="assignment" x="25" y="51">tryAgain = o</label>
		</transition>
		<transition>
			<source ref="id21"/>
			<target ref="id18"/>
			<label kind="guard" x="-449" y="-216">amount &lt;= bankCash</label>
			<label kind="synchronisation" x="-449" y="-199">cashGood!</label>
			<label kind="assignment" x="-449" y="-182">bankCash -= amount</label>
			<nail x="51" y="-187"/>
			<nail x="-467" y="-178"/>
			<nail x="-501" y="-68"/>
		</transition>
		<transition>
			<source ref="id19"/>
			<target ref="id18"/>
			<label kind="guard" x="-492" y="42">pin == 0</label>
			<label kind="synchronisation" x="-492" y="59">pinBad!</label>
			<nail x="-348" y="76"/>
			<nail x="-510" y="76"/>
		</transition>
		<transition>
			<source ref="id20"/>
			<target ref="id21"/>
			<label kind="synchronisation" x="-102" y="-93">cashCheck?</label>
		</transition>
		<transition>
			<source ref="id19"/>
			<target ref="id20"/>
			<label kind="guard" x="-330" y="-101">pin ==1</label>
			<label kind="synchronisation" x="-323" y="-85">pinGood!</label>
		</transition>
		<transition>
			<source ref="id18"/>
			<target ref="id19"/>
			<label kind="synchronisation" x="-492" y="-72">pinCheck?</label>
		</transition>
	</template>
	<system>// Place template instantiations here.
klient = Klient();
bankomat = Bankomat();
bank = Bank();
// List one or more processes to be composed into a system.
system klient,bankomat,bank;
    </system>
	<queries>
		<query>
			<formula></formula>
			<comment></comment>
		</query>
	</queries>
</nta>
