<?xml version="1.0" encoding="utf-8"?>
<!DOCTYPE nta PUBLIC '-//Uppaal Team//DTD Flat System 1.1//EN' 'http://www.it.uu.se/research/group/darts/uppaal/flat-1_2.dtd'>
<nta>
	<declaration>// Place global declarations here.

chan alarmOn;
chan alarmOff;</declaration>
	<template>
		<name x="5" y="5">Czas</name>
		<declaration>// Place local declarations here.
clock minuty;</declaration>
		<location id="id0" x="552" y="-170">
			<name x="542" y="-204">G1</name>
			<label kind="invariant" x="542" y="-153">minuty &lt;= 60</label>
		</location>
		<location id="id1" x="646" y="-127">
			<name x="636" y="-161">G2</name>
			<label kind="invariant" x="636" y="-110">minuty &lt;= 60</label>
		</location>
		<location id="id2" x="722" y="-59">
			<name x="712" y="-93">G3</name>
			<label kind="invariant" x="712" y="-42">minuty &lt;= 60</label>
		</location>
		<location id="id3" x="773" y="25">
			<name x="763" y="-9">G4</name>
			<label kind="invariant" x="763" y="42">minuty &lt;= 60</label>
		</location>
		<location id="id4" x="790" y="110">
			<name x="780" y="76">G5</name>
			<label kind="invariant" x="780" y="127">minuty &lt;= 60</label>
		</location>
		<location id="id5" x="783" y="204">
			<name x="773" y="170">G6</name>
			<label kind="invariant" x="773" y="221">minuty &lt;= 60</label>
		</location>
		<location id="id6" x="756" y="314">
			<name x="739" y="272">G7</name>
			<label kind="invariant" x="746" y="331">minuty &lt;= 10</label>
		</location>
		<location id="id7" x="705" y="391">
			<name x="695" y="357">G8</name>
			<label kind="invariant" x="695" y="408">minuty &lt;= 60</label>
		</location>
		<location id="id8" x="637" y="459">
			<name x="627" y="425">G9</name>
			<label kind="invariant" x="627" y="476">minuty &lt;= 60</label>
		</location>
		<location id="id9" x="544" y="501">
			<name x="534" y="467">G10</name>
			<label kind="invariant" x="534" y="518">minuty &lt;= 60</label>
		</location>
		<location id="id10" x="467" y="518">
			<name x="457" y="484">G11</name>
			<label kind="invariant" x="457" y="535">minuty &lt;= 60</label>
		</location>
		<location id="id11" x="365" y="535">
			<name x="355" y="501">G12</name>
			<label kind="invariant" x="355" y="552">minuty &lt;= 60</label>
		</location>
		<location id="id12" x="280" y="476">
			<name x="270" y="442">G13</name>
			<label kind="invariant" x="270" y="493">minuty &lt;= 60</label>
		</location>
		<location id="id13" x="204" y="391">
			<name x="194" y="357">G14</name>
			<label kind="invariant" x="194" y="408">minuty &lt;= 60</label>
		</location>
		<location id="id14" x="153" y="323">
			<name x="143" y="289">G15</name>
			<label kind="invariant" x="143" y="340">minuty &lt;= 60</label>
		</location>
		<location id="id15" x="127" y="212">
			<name x="117" y="178">G16</name>
			<label kind="invariant" x="117" y="229">minuty &lt;= 60</label>
		</location>
		<location id="id16" x="127" y="119">
			<name x="117" y="85">G17</name>
			<label kind="invariant" x="117" y="136">minuty &lt;= 60</label>
		</location>
		<location id="id17" x="144" y="34">
			<name x="134" y="0">G18</name>
			<label kind="invariant" x="134" y="51">minuty &lt;= 60</label>
		</location>
		<location id="id18" x="178" y="-42">
			<name x="168" y="-76">G19</name>
			<label kind="invariant" x="168" y="-25">minuty &lt;= 60</label>
		</location>
		<location id="id19" x="221" y="-93">
			<name x="211" y="-127">G20</name>
			<label kind="invariant" x="211" y="-76">minuty &lt;= 60</label>
		</location>
		<location id="id20" x="280" y="-153">
			<name x="270" y="-187">G21</name>
			<label kind="invariant" x="270" y="-136">minuty &lt;= 60</label>
		</location>
		<location id="id21" x="348" y="-195">
			<name x="338" y="-229">G22</name>
			<label kind="invariant" x="338" y="-178">minuty &lt;= 60</label>
		</location>
		<location id="id22" x="476" y="-136">
			<name x="466" y="-170">G24</name>
			<label kind="invariant" x="466" y="-119">minuty &lt;= 60</label>
		</location>
		<location id="id23" x="875" y="365">
			<name x="865" y="331">G710</name>
			<label kind="invariant" x="865" y="382">minuty &lt;= 16</label>
		</location>
		<location id="id24" x="824" y="459">
			<name x="814" y="425">G715</name>
			<label kind="invariant" x="814" y="476">minuty&lt;=60</label>
		</location>
		<location id="id25" x="416" y="-238">
			<name x="406" y="-272">G23</name>
			<label kind="invariant" x="406" y="-221">minuty &lt;= 60</label>
		</location>
		<init ref="id22"/>
		<transition>
			<source ref="id25"/>
			<target ref="id22"/>
			<label kind="guard" x="446" y="-221">minuty == 60</label>
			<label kind="assignment" x="446" y="-187">minuty = 0</label>
		</transition>
		<transition>
			<source ref="id21"/>
			<target ref="id25"/>
			<label kind="guard" x="366" y="-250">minuty == 60</label>
			<label kind="assignment" x="366" y="-216">minuty =0</label>
		</transition>
		<transition>
			<source ref="id24"/>
			<target ref="id7"/>
			<label kind="guard" x="723" y="391">minuty==60</label>
			<label kind="assignment" x="723" y="425">minuty=0</label>
		</transition>
		<transition>
			<source ref="id23"/>
			<target ref="id24"/>
			<label kind="guard" x="849" y="378">minuty==16</label>
			<label kind="synchronisation" x="849" y="395">alarmOff!</label>
		</transition>
		<transition>
			<source ref="id6"/>
			<target ref="id23"/>
			<label kind="guard" x="774" y="305">minuty==10</label>
			<label kind="synchronisation" x="773" y="323">alarmOn!</label>
		</transition>
		<transition>
			<source ref="id20"/>
			<target ref="id21"/>
			<label kind="guard" x="298" y="-208">minuty==60</label>
			<label kind="assignment" x="298" y="-174">minuty=0</label>
		</transition>
		<transition>
			<source ref="id19"/>
			<target ref="id20"/>
			<label kind="guard" x="250" y="-157">minuty==60</label>
			<label kind="assignment" x="250" y="-123">minuty=0</label>
		</transition>
		<transition>
			<source ref="id18"/>
			<target ref="id19"/>
			<label kind="guard" x="199" y="-101">minuty == 60</label>
			<label kind="assignment" x="199" y="-67">minuty=0</label>
		</transition>
		<transition>
			<source ref="id17"/>
			<target ref="id18"/>
			<label kind="guard" x="161" y="-38">minuty==60</label>
			<label kind="assignment" x="161" y="-4">minuty=0</label>
		</transition>
		<transition>
			<source ref="id16"/>
			<target ref="id17"/>
			<label kind="guard" x="135" y="42">minuty==60</label>
			<label kind="assignment" x="135" y="76">minuty=0</label>
		</transition>
		<transition>
			<source ref="id15"/>
			<target ref="id16"/>
			<label kind="guard" x="127" y="131">minuty==60</label>
			<label kind="assignment" x="127" y="165">minuty =0</label>
		</transition>
		<transition>
			<source ref="id14"/>
			<target ref="id15"/>
			<label kind="guard" x="140" y="233">minuty == 60</label>
			<label kind="assignment" x="140" y="267">minuty =0</label>
		</transition>
		<transition>
			<source ref="id13"/>
			<target ref="id14"/>
			<label kind="guard" x="178" y="323">minuty==60</label>
			<label kind="assignment" x="178" y="357">minuty=0</label>
		</transition>
		<transition>
			<source ref="id12"/>
			<target ref="id13"/>
			<label kind="guard" x="222" y="399">minuty==60</label>
			<label kind="assignment" x="222" y="433">minuty=0</label>
		</transition>
		<transition>
			<source ref="id11"/>
			<target ref="id12"/>
			<label kind="guard" x="298" y="471">minuty==60</label>
			<label kind="assignment" x="298" y="505">minuty=0</label>
		</transition>
		<transition>
			<source ref="id10"/>
			<target ref="id11"/>
			<label kind="guard" x="383" y="492">minuty==60</label>
			<label kind="assignment" x="383" y="526">minuty=0</label>
		</transition>
		<transition>
			<source ref="id9"/>
			<target ref="id10"/>
			<label kind="guard" x="485" y="475">minuty==60</label>
			<label kind="assignment" x="485" y="509">minuty=0</label>
		</transition>
		<transition>
			<source ref="id8"/>
			<target ref="id9"/>
			<label kind="guard" x="562" y="446">minuty==60</label>
			<label kind="assignment" x="562" y="480">minuty=0</label>
		</transition>
		<transition>
			<source ref="id7"/>
			<target ref="id8"/>
			<label kind="guard" x="655" y="391">minuty==60</label>
			<label kind="assignment" x="655" y="425">minuty=0</label>
		</transition>
		<transition>
			<source ref="id5"/>
			<target ref="id6"/>
			<label kind="guard" x="769" y="225">minuty==60</label>
			<label kind="assignment" x="769" y="259">minuty=0</label>
		</transition>
		<transition>
			<source ref="id4"/>
			<target ref="id5"/>
			<label kind="guard" x="786" y="123">minuty==60</label>
			<label kind="assignment" x="786" y="157">minuty=0</label>
		</transition>
		<transition>
			<source ref="id3"/>
			<target ref="id4"/>
			<label kind="guard" x="781" y="33">minuty==60</label>
			<label kind="assignment" x="781" y="67">minuty =0</label>
		</transition>
		<transition>
			<source ref="id2"/>
			<target ref="id3"/>
			<label kind="guard" x="747" y="-51">minuty==60</label>
			<label kind="assignment" x="747" y="-17">minuty=0</label>
		</transition>
		<transition>
			<source ref="id1"/>
			<target ref="id2"/>
			<label kind="guard" x="664" y="-127">minuty==60</label>
			<label kind="assignment" x="664" y="-93">minuty=0</label>
		</transition>
		<transition>
			<source ref="id0"/>
			<target ref="id1"/>
			<label kind="guard" x="570" y="-182">minuty==60</label>
			<label kind="assignment" x="570" y="-148">minuty=0</label>
		</transition>
		<transition>
			<source ref="id22"/>
			<target ref="id0"/>
			<label kind="guard" x="476" y="-238">minuty == 60</label>
			<label kind="assignment" x="484" y="-221">minuty = 0</label>
		</transition>
	</template>
	<template>
		<name>Alarm</name>
		<location id="id26" x="-34" y="0">
			<name x="-68" y="-42">Silent</name>
		</location>
		<location id="id27" x="238" y="-8">
			<name x="228" y="-42">Alarm</name>
		</location>
		<init ref="id26"/>
		<transition>
			<source ref="id27"/>
			<target ref="id26"/>
			<label kind="synchronisation" x="77" y="68">alarmOff?</label>
			<nail x="178" y="85"/>
			<nail x="59" y="85"/>
		</transition>
		<transition>
			<source ref="id26"/>
			<target ref="id27"/>
			<label kind="synchronisation" x="35" y="-93">alarmOn?</label>
			<nail x="17" y="-76"/>
			<nail x="195" y="-76"/>
		</transition>
	</template>
	<system>// Place template instantiations here.
zegar = Czas();
alarm = Alarm();
// List one or more processes to be composed into a system.
system zegar, alarm;
    </system>
	<queries>
		<query>
			<formula>A[] not deadlock</formula>
			<comment></comment>
		</query>
		<query>
			<formula>A[] zegar.minuty &lt;=60

</formula>
			<comment></comment>
		</query>
		<query>
			<formula>A[] zegar.minuty &gt;=0</formula>
			<comment></comment>
		</query>
		<query>
			<formula></formula>
			<comment></comment>
		</query>
		<query>
			<formula>A&lt;&gt; zegar.G1 and zegar.minuty == 60</formula>
			<comment></comment>
		</query>
		<query>
			<formula></formula>
			<comment></comment>
		</query>
		<query>
			<formula>A&lt;&gt;(alarm.Silent)</formula>
			<comment></comment>
		</query>
		<query>
			<formula>A&lt;&gt;(alarm.Alarm)</formula>
			<comment></comment>
		</query>
		<query>
			<formula></formula>
			<comment></comment>
		</query>
		<query>
			<formula>A[] not (alarm.Silent and alarm.Alarm)</formula>
			<comment></comment>
		</query>
		<query>
			<formula>A[] not (zegar.G1 and zegar.G6)
</formula>
			<comment></comment>
		</query>
		<query>
			<formula></formula>
			<comment></comment>
		</query>
		<query>
			<formula>A[] alarm.Alarm imply (zegar.minuty &gt;=10 and zegar.minuty &lt;= 16)</formula>
			<comment></comment>
		</query>
		<query>
			<formula></formula>
			<comment></comment>
		</query>
		<query>
			<formula>alarm.Alarm --&gt; alarm.Silent</formula>
			<comment></comment>
		</query>
		<query>
			<formula>zegar.G7 --&gt; (zegar.G710 and zegar.minuty&lt;=10)
</formula>
			<comment></comment>
		</query>
		<query>
			<formula>zegar.G1 --&gt; zegar.G24</formula>
			<comment></comment>
		</query>
	</queries>
</nta>
