<?xml version="1.0" encoding="utf-8"?>
<!DOCTYPE nta PUBLIC '-//Uppaal Team//DTD Flat System 1.1//EN' 'http://www.it.uu.se/research/group/darts/uppaal/flat-1_2.dtd'>
<nta>
	<declaration>
const int n = 2;
chan ask[n];
chan disconnect[n];
broadcast chan connect[n];


const int t0 = 1;
const int t1 = 20;

</declaration>
	<template>
		<name x="5" y="5">Server</name>
		<declaration>// Place local declarations here.
int[0,n-1] i;</declaration>
		<location id="id0" x="0" y="0">
			<name x="-10" y="-34">Waiting</name>
		</location>
		<location id="id1" x="144" y="0">
			<name x="134" y="-34">Accepting</name>
			<committed/>
		</location>
		<init ref="id0"/>
		<transition>
			<source ref="id1"/>
			<target ref="id0"/>
			<label kind="synchronisation" x="42" y="76">connect[i]!</label>
			<nail x="68" y="85"/>
		</transition>
		<transition>
			<source ref="id0"/>
			<target ref="id1"/>
			<label kind="select" x="42" y="-42">x:int[0,n-1]</label>
			<label kind="synchronisation" x="51" y="-25">ask[x]?</label>
			<label kind="assignment" x="51" y="0">i = x</label>
		</transition>
	</template>
	<template>
		<name>Client</name>
		<parameter>const int[0,n-1] i</parameter>
		<declaration>clock time;
int[t0,t1] time_min;</declaration>
		<location id="id2" x="-255" y="-93">
			<name x="-265" y="-127">Disconect</name>
		</location>
		<location id="id3" x="-25" y="-93">
			<name x="-35" y="-127">Wait</name>
		</location>
		<location id="id4" x="127" y="-102">
			<name x="117" y="-136">Connected</name>
			<label kind="invariant" x="144" y="-119">time&lt;=time_min</label>
		</location>
		<location id="id5" x="127" y="42">
			<name x="144" y="25">EndSession</name>
			<label kind="invariant" x="110" y="59">time &lt;= t1</label>
		</location>
		<init ref="id2"/>
		<transition>
			<source ref="id5"/>
			<target ref="id2"/>
			<label kind="synchronisation" x="-76" y="-51">disconnect[i]?</label>
		</transition>
		<transition>
			<source ref="id5"/>
			<target ref="id2"/>
			<label kind="synchronisation" x="-178" y="51">disconnect[i]!</label>
			<nail x="-196" y="42"/>
		</transition>
		<transition>
			<source ref="id4"/>
			<target ref="id5"/>
			<label kind="guard" x="153" y="-59">time == time_min</label>
		</transition>
		<transition>
			<source ref="id3"/>
			<target ref="id4"/>
			<label kind="synchronisation" x="8" y="-136">connect[i]?</label>
			<label kind="assignment" x="17" y="-119">time =0</label>
		</transition>
		<transition>
			<source ref="id2"/>
			<target ref="id3"/>
			<label kind="select" x="-195" y="-153">x:int[t0,t1]</label>
			<label kind="synchronisation" x="-170" y="-127">ask[i]!</label>
			<label kind="assignment" x="-170" y="-93">time_min=x</label>
		</transition>
	</template>
	<template>
		<name>Connection</name>
		<parameter>const int[0,n-1] i</parameter>
		<declaration>clock time;</declaration>
		<location id="id6" x="-212" y="0">
			<name x="-272" y="17">Disconnected</name>
		</location>
		<location id="id7" x="-76" y="0">
			<name x="-110" y="-51">SesionConnected</name>
		</location>
		<location id="id8" x="51" y="0">
			<name x="41" y="-34">End_Session</name>
			<committed/>
		</location>
		<init ref="id6"/>
		<transition>
			<source ref="id7"/>
			<target ref="id8"/>
			<label kind="synchronisation" x="-34" y="68">disconnect[i]?</label>
			<nail x="-34" y="110"/>
			<nail x="51" y="102"/>
		</transition>
		<transition>
			<source ref="id8"/>
			<target ref="id6"/>
			<nail x="51" y="-127"/>
			<nail x="-212" y="-127"/>
		</transition>
		<transition>
			<source ref="id7"/>
			<target ref="id8"/>
			<label kind="guard" x="-58" y="-34">time==t1</label>
			<label kind="synchronisation" x="-58" y="-17">disconnect[i]!</label>
		</transition>
		<transition>
			<source ref="id6"/>
			<target ref="id7"/>
			<label kind="synchronisation" x="-194" y="-17">connect[i]?</label>
			<label kind="assignment" x="-194" y="0">time=0</label>
		</transition>
	</template>
	<system>system Server,Client,Connection;    </system>
	<queries>
		<query>
			<formula>A[] not deadlock</formula>
			<comment>automata się nie blokuje</comment>
		</query>
		<query>
			<formula></formula>
			<comment></comment>
		</query>
		<query>
			<formula>A[] forall(i:int[0,n-1]) Connection(i).End_Session imply (Connection(i).time &gt;= t0 and Connection(i).time &lt;= t1)</formula>
			<comment>każda sesja kończy sie po czasie pobiędzy t0 a t1</comment>
		</query>
		<query>
			<formula>A[] forall(i:int[0,n-1]) Client(i).EndSession imply  Client(i).time &lt;= t1</formula>
			<comment>połączenie trwa najwyżej t1 dla wszystkich Klientów</comment>
		</query>
		<query>
			<formula></formula>
			<comment></comment>
		</query>
		<query>
			<formula>E&lt;&gt; exists(i:int[0,n-1]) (Client(i).Wait and exists(j:int[0,n-1]) (i!=j and Client(j).Wait))</formula>
			<comment>Wystąpi obsłóżenie przez serwe 2 różnych klientów naraz</comment>
		</query>
		<query>
			<formula>A[] not exists(i:int[0,n-1]) (Client(i).Wait and exists(j:int[0,n-1]) (i!=j and Client(j).Wait))</formula>
			<comment>nie wystąpi obsłóżenie przez serwer 2 różnych klientów naraz</comment>
		</query>
		<query>
			<formula></formula>
			<comment></comment>
		</query>
		<query>
			<formula>E&lt;&gt; forall(i:int[0,n-1]) Client(i).Connected</formula>
			<comment>Istnieje moment kiedy wszyscy są połączeni</comment>
		</query>
		<query>
			<formula>E&lt;&gt; forall(i:int[0,n-1]) Client(i).Disconect</formula>
			<comment>istnieje moment kiedy wszyscy są rozłączeni</comment>
		</query>
		<query>
			<formula>Server.Accepting --&gt; Server.Waiting </formula>
			<comment></comment>
		</query>
	</queries>
</nta>
